id,affinity
3d8z,3.37
4u8w,11.24
3p3r,7.25
2qwe,7.48
2z94,5.85
2f35,5.4
4h7q,5.06
6jtc,5.07
6qe5,5.12
3ijh,4.0
1o0h,5.92
5tfx,7.22
1f4f,4.62
6dgr,4.91
1gno,7.7
4asj,7.55
3drf,7.0
3k2f,7.2
6pg7,4.66
2xyd,6.82
3ps1,10.17
5nk4,8.7
3qt6,5.37
4ruy,7.89
4e9u,5.82
3pxf,4.43
6gf9,6.39
6ma5,8.1
2yay,6.1
6pvw,6.32
4qge,9.3
2i4w,11.59
5n24,8.92
3nxq,8.15
6o0k,10.74
1d6v,6.17
2vwl,7.02
5flt,2.89
3v78,5.54
5een,8.96
4ddm,2.46
1mfa,5.04
5f61,7.46
5ih9,8.7
4msa,3.3
6dpy,4.1
1x8t,7.8
5op4,6.71
6hgj,4.38
4u71,5.22
2xg9,4.15
6qlt,4.04
2rk8,3.64
3oil,5.68
4d3h,6.43
5f2r,4.28
6u5y,7.16
1n46,10.52
4q4o,7.46
5os2,2.74
2uz9,5.71
6gon,5.67
4bcn,7.92
6ql2,7.77
3t0b,4.3
6om8,5.16
3ml5,8.52
2ymd,3.16
1ndy,6.17
1ghw,4.2
6hgg,5.42
3cft,4.19
3ip8,2.28
4b6p,7.13
5ix0,6.28
1fkh,8.15
4xo8,8.96
5bw4,4.17
5fov,2.8
2fqy,6.57
2baj,8.4
3u6i,9.0
5z7j,6.6
1gfy,5.08
3d1y,8.22
6jon,4.88
2y80,8.05
5orh,4.39
3w9k,6.32
3ejq,8.57
6gjm,3.58
2o4n,7.82
3el1,9.64
1q72,6.85
5x62,6.42
2rio,4.69
5d0c,5.63
2bak,7.43
6u8b,6.37
1c1r,7.63
1d3p,7.39
4re2,4.98
4jz1,6.7
6n3w,5.81
1h2t,7.89
5i80,7.21
4do5,5.83
5o87,6.61
6dyn,3.19
1hwr,8.33
2weh,5.95
4wt2,10.42
3f16,8.23
3dzt,7.22
3s8l,5.64
2ra0,7.8
2gsu,3.59
1bxq,7.38
6iht,5.21
5dw2,5.84
2r23,3.72
3b26,6.64
5m7s,9.05
6eqv,6.62
2ri9,3.22
1g2o,10.55
6hh5,4.27
2o0u,5.49
2a8g,3.69
2j62,11.34
3k8c,2.92
4m2w,7.28
3djq,2.98
4cr5,4.15
3qps,5.6
1z71,9.18
4d8z,6.29
4auj,7.74
2iuz,5.55
4nyf,7.31
3qtv,4.65
5gj9,4.99
6dh1,10.58
1nje,3.8
2y7i,5.54
1qf1,7.32
2bok,6.55
4llk,3.0
5g60,6.52
2uy5,5.49
6qr7,7.15
1bm7,7.52
1m2p,6.11
3m3x,6.82
5fsx,2.72
6ej3,5.93
2zb1,6.32
1loq,3.7
1igj,10.0
1ftm,7.61
3i73,5.49
4b5s,3.49
3exh,4.88
4agc,10.7
6md6,5.1
5ty9,5.21
1ucn,5.22
8cpa,9.15
3a5y,7.96
3t6b,6.36
4qyy,7.3
4a95,5.76
4uin,7.62
3tz0,5.04
6gj6,4.7
5vl2,8.42
4k18,8.96
3djo,4.39
6i0z,4.04
6pg4,3.59
4q83,4.19
6hni,4.03
4djy,8.27
6fui,4.46
6mub,7.0
4pin,5.4
1v2j,3.25
5g5z,5.66
5uln,7.85
5fnr,4.23
3o9d,10.72
2pcp,8.7
1g85,5.48
4qj0,7.32
1c5t,4.1
1uj5,3.05
6nv9,8.19
1w3l,6.28
6mln,7.54
6f05,4.47
5nkd,7.59
4ivd,9.52
2rkm,3.9
2wej,6.08
6qr9,6.72
6e5t,6.55
6iez,6.52
1nvr,8.11
1mu8,9.0
4q99,6.28
6c9v,6.92
1ew9,3.22
2fu8,4.7
4y79,7.96
5ehq,10.48
4x8o,6.6
3m67,6.74
1qbq,8.3
3kr8,8.1
1xws,8.0
1zc9,3.22
4u73,5.18
3zze,8.89
5duw,3.29
4b33,3.37
1m5w,4.27
1tlp,7.55
3dx2,6.82
6hza,9.3
5m77,7.61
4mc6,9.59
5e2k,8.03
3rz0,7.55
4ek9,4.42
4c6u,4.59
3ff3,3.57
4mo4,4.22
2qtg,5.08
3ubd,5.54
2v8w,6.82
5l7h,7.3
4knj,7.95
6det,8.22
1sl3,11.85
3k5v,6.3
1ft7,5.18
3ryy,7.42
1o2o,6.36
3zps,8.3
6p8a,3.59
5zaj,7.38
4f0c,6.27
6idb,6.4
6n95,5.12
1b9j,5.96
4zgk,5.51
4ljh,4.71
3uz5,7.22
4io2,6.7
1y3n,5.55
4azb,7.24
1n5r,5.66
3dc3,8.31
3o5n,4.76
6fh3,3.07
6cwh,7.54
2bvr,3.7
4r06,6.29
6gvz,6.4
4zec,5.82
1xpz,7.08
4k5p,3.46
5l30,9.14
4xir,6.94
6nwl,7.37
5nvx,7.05
5j2x,7.74
6d2o,5.3
1sbg,7.74
1lbk,3.18
6ets,5.64
6maj,7.47
5nxw,7.24
2rcn,6.0
6nu5,5.15
6oqc,10.4
2azr,3.64
4yhm,9.76
6q3z,7.36
5hbn,4.89
6upj,6.32
4jyt,7.4
2ax9,9.52
5t8o,6.51
8a3h,4.06
4b35,2.89
3tfu,3.28
5o4f,6.68
3znr,7.44
4wk1,5.89
5g5f,5.28
4loh,6.96
4ezr,5.2
3s8o,6.85
3fwv,5.64
1w96,8.41
5t7s,4.1
5mxf,3.59
2xpk,11.3
3cyx,8.0
3fuz,6.54
1b2h,4.54
5vm0,8.8
4cpw,7.5
5wbm,4.7
4q4r,6.43
3kqr,4.43
6n79,9.68
4j46,5.28
5vd2,7.1
5vyy,6.21
1gi1,5.47
1jlr,3.33
3su0,6.79
3g5k,9.52
3ldp,5.62
1apv,9.0
3coy,6.02
3qfd,4.17
1gar,10.0
6no9,10.52
5mz8,2.31
2hu6,3.81
2whp,4.0
4lbu,6.56
1vzq,7.44
1xk9,6.85
1b8n,10.52
5mwy,7.0
4dko,6.52
4crb,7.57
2zcr,6.87
2r2w,4.47
3u9q,4.38
3mho,6.49
5e6o,4.11
6g98,6.15
2j27,3.52
3h5b,10.0
2cen,8.3
5cjf,9.59
2fx6,3.7
5j6m,8.57
3hl7,7.64
4cd0,9.7
5mo8,5.79
5kej,5.11
5fnt,6.17
3zdv,5.48
6qav,8.31
1lee,7.74
3hp9,4.59
5iwg,6.46
2jdm,5.4
6epa,5.95
2wn9,8.52
2y8c,6.4
3n35,3.37
3fcq,2.77
3g34,2.96
1gnn,5.68
1sqt,6.2
3f3a,4.19
6nu1,4.51
5f2p,4.43
6g3a,8.38
3oe5,6.88
2vxn,5.0
1b32,7.1
4nuc,6.04
4gki,4.46
5eij,5.31
3v5p,8.96
1njd,5.57
4rrg,2.81
6dz2,8.85
4xu0,9.11
2bal,6.31
1o2h,7.17
1x1z,11.06
5ymx,6.92
5htz,8.62
4mrg,2.96
5dqc,7.34
3k8q,11.28
5u14,5.34
2qw1,3.9
4djx,7.23
4na9,7.39
1ro6,6.46
4iid,5.62
6s5k,7.32
6d9x,3.49
1c88,5.29
1g4o,8.25
1li6,3.8
5zaf,6.78
4cra,7.22
4itp,7.27
6e23,10.0
2q89,6.3
5j6a,7.77
1a99,5.7
2c1p,5.4
1fkw,5.05
4ew2,6.68
5b25,10.24
1onz,5.1
2cle,3.55
3nex,6.0
6gg4,3.69
2psv,7.24
4u1b,5.31
3su2,7.35
1os0,6.03
5wcm,4.0
5yum,3.65
2ovy,8.4
5n84,7.96
3h78,4.24
6ajr,4.31
1uho,9.22
3uw5,7.85
1lke,7.52
1e6s,3.22
4oc5,7.07
4qtl,6.92
1ugx,5.91
2b1g,6.64
4w9p,7.8
1yei,7.46
5fnd,3.49
3v5t,8.22
2epn,7.22
1mq5,9.0
5oh3,3.87
6g2s,8.4
4i5c,8.82
3bv9,5.36
3s2v,6.8
3cow,6.9
5ep7,5.4
3qto,4.13
1zog,7.15
6f9u,5.13
6mqe,11.29
4ido,4.93
3lp4,4.88
4n9c,3.9
5l7g,7.8
6e5l,7.18
3l4x,6.89
3i4b,8.15
6j3o,5.62
1uwt,5.97
3p58,7.6
2r5p,8.48
1afl,6.28
2qhy,7.48
5o9o,4.89
1ppl,8.55
6dyr,3.66
1ai5,3.72
2pu1,5.85
2xjj,6.51
6j0o,4.92
2oag,8.47
4ovh,4.85
4bt4,3.34
4jpy,4.43
1pz5,5.4
4m8h,7.6
1gi7,4.51
4emf,7.08
1ceb,6.0
2wc3,6.08
5o5a,4.77
3kgq,2.3
6dgq,5.51
2yfe,6.63
2d3u,6.92
2ctc,3.89
2f9k,7.07
4w9j,6.23
3vd4,4.82
6ht1,7.11
5ovv,4.48
4g8n,7.2
3egt,8.9
5nw1,6.6
4rak,7.85
4djv,6.72
2pou,7.42
2vpo,5.42
1cps,6.66
3pbb,7.02
4oma,4.17
1s39,7.7
2xhm,6.8
5tuo,6.49
3roc,8.19
5hvt,7.26
5ucj,6.36
6d50,5.05
3sm2,9.7
5twj,5.25
4euo,5.05
1fao,7.37
3jup,5.58
5tcy,7.66
5o07,7.47
1a4r,6.66
5wal,8.77
2pvm,6.44
5ti0,4.21
3k99,7.22
4twp,10.0
6g36,7.79
4qjx,7.28
4az5,5.99
4hy1,8.7
2ves,7.7
3gx0,3.48
1enu,5.08
3fhb,5.7
5eh5,5.87
3fx6,6.8
4ab9,3.33
4je8,5.21
5a81,5.54
5i88,6.6
5nvw,6.77
5fnf,3.15
3cj2,4.85
3gc5,7.26
6qgh,8.15
4pee,8.32
2qi3,10.2
5epl,7.03
4agl,3.65
2cbz,3.93
1g7f,5.47
1br6,3.22
1jqy,4.92
3p4v,5.1
4uof,4.84
2w9h,6.37
5ito,4.16
5ewy,4.3
1grp,3.72
1hvl,9.95
5ldm,3.86
1jys,3.52
3ibn,7.61
2zxg,8.82
1ado,6.0
1d2e,6.0
4q7w,2.64
2xys,7.42
5lvr,3.6
5exm,8.2
2q6f,5.44
3vbd,8.07
5o1f,4.52
10gs,6.4
1wcq,6.26
1fzm,7.7
1i9p,8.41
3f68,5.06
5mks,4.77
3ryv,7.07
2xbp,5.02
1koj,6.7
1m0n,2.22
1o5b,5.77
3td4,5.66
2b07,6.43
6czc,4.78
5cy9,6.66
2jke,4.23
3nox,8.66
1ogx,6.09
5yh8,6.78
4pvx,6.76
3rv8,4.92
3su6,6.02
5hz8,6.4
1o36,5.96
1ogd,3.03
3vvy,4.84
4ngn,7.55
2z1w,4.08
6nxz,5.46
3kv2,7.32
2xda,6.22
3alt,2.92
6ncn,3.05
5oh7,4.37
1pgp,5.7
2qta,5.76
5aa9,8.19
5j6n,7.77
6cbf,5.17
5elw,7.85
6qqq,5.17
6gfs,6.54
2buv,4.0
6hqy,6.44
4je7,6.4
3ioe,3.27
3u5j,5.61
2qpu,3.6
3wz8,5.82
2p3b,8.48
2jkh,8.05
3gvu,8.0
4hp0,6.12
2bys,9.52
4cpy,6.31
3hkw,8.64
2a14,5.7
3uew,6.31
2a5b,3.93
4m7j,6.11
4j44,5.73
1c5z,4.01
2ez7,4.36
1m1b,4.66
4rfm,10.05
6mla,4.38
4rfd,8.05
1d6w,5.96
3zdg,7.1
4x6n,8.82
5d24,5.24
2yi0,8.12
4ujb,8.0
6np4,4.44
3ouj,6.05
2brb,4.86
3hzv,6.52
3qqs,5.82
6pve,7.37
2zdn,6.25
3o9e,11.3
5zni,4.39
6std,8.64
1fcy,8.52
5b5f,5.25
2w5g,6.07
1e6q,3.15
4b0b,3.33
4c2v,9.0
6fz4,5.95
1n3i,8.89
6im4,7.4
3qox,6.57
2v7a,8.3
1hi4,4.49
1i2s,3.31
3gbb,6.9
2i4x,11.72
6cdo,8.97
2hjb,4.39
2xef,9.84
6qqz,6.74
2vvs,7.34
5m25,8.19
4kqp,6.05
5ufc,5.16
6b7b,2.89
1yvm,6.4
2r38,7.44
4b7p,9.46
5vkc,8.74
6abx,2.14
1k6v,6.92
6b59,8.09
3sxf,8.6
1drk,6.82
4yes,8.02
3h30,4.53
3lpl,5.62
5vcz,6.35
4yth,8.7
2h3e,5.7
186l,4.85
4zls,9.09
1ikt,3.4
5zc5,7.06
1v2o,4.73
3pfp,6.44
3rm4,5.77
6fag,6.59
6oja,9.7
4b5t,3.33
1ai4,2.5
3k8o,11.07
2nsj,4.79
2vb8,4.6
4ual,8.4
3zhx,6.68
1u33,4.6
6g24,2.77
5vsf,7.03
3rz5,7.89
3v2n,6.1
3ctt,6.35
3arx,5.33
4fsl,7.7
6szp,4.74
4few,5.21
5nkg,7.68
1li2,4.04
3u8k,8.66
3juk,4.89
2wnj,6.48
4buq,8.14
3bgz,6.26
3ikg,7.24
2b7d,8.7
5fh7,6.86
2wca,5.6
4or6,5.31
3zi8,5.66
4pp3,7.82
3f8e,7.23
3h8b,6.29
5uff,4.24
1z9y,7.19
6g2e,5.01
5jxq,8.15
1c3x,3.68
4qgd,7.43
5eek,9.1
6q4e,3.46
1w11,8.22
3h89,7.64
1ctt,4.52
4ymq,5.8
5h1t,3.8
6hoq,6.39
1hi3,4.19
6i63,7.01
6r8l,6.17
1b4z,5.23
1x8r,6.12
3b24,4.38
6edr,4.55
3b67,8.85
3eft,7.92
5i3w,9.22
6eed,6.09
1k6c,7.48
2uyq,5.68
4isi,8.14
6fnf,7.89
1o3j,6.77
1ocq,5.19
3zm9,7.42
1ydb,8.24
4j28,5.7
5his,4.71
5m9w,2.24
5jvi,6.51
6ckw,9.08
5fnu,8.89
5mpn,7.07
1rp7,8.52
1hyo,4.07
5upj,7.12
2zmm,7.6
6p85,4.99
4i7j,3.32
2avm,5.7
5fot,3.17
4b74,7.66
3sio,8.0
5g1z,5.32
4abh,4.15
3pn4,6.85
6c7q,9.15
5ive,7.57
2x96,4.03
4mc9,9.44
4w9h,6.73
3wto,6.92
5nk6,6.8
3ikd,6.75
3hkt,5.39
2pgz,5.74
4dfg,11.74
6dyw,10.44
1lyb,11.42
3wmc,6.51
2bo4,4.61
5h8g,10.32
1trd,5.4
6p83,7.1
3ekr,7.52
3up2,7.4
4gzw,4.52
3n9r,7.15
3sug,6.21
5mkr,4.77
4jxs,4.74
4der,6.31
3vf7,9.1
3nik,3.45
1zvx,9.22
5ljt,8.92
6n0j,5.37
1ur9,5.77
6ge7,6.06
4pf5,5.48
2zcq,8.82
3tk2,4.62
5sz0,9.1
1ii5,6.62
6euc,3.77
1kc7,5.52
3m3c,4.06
5tmn,8.04
4r4t,6.26
4hwo,8.54
3tao,5.14
4o61,4.3
1fkb,9.7
3lpp,6.22
5h1u,3.51
4q0k,4.87
3cct,7.56
6q3y,7.27
4b6s,6.01
3ozg,9.19
3ckp,6.35
4ban,8.61
6eeb,5.3
2rka,3.0
4agn,3.97
2v57,7.1
6eir,6.24
2r5a,2.6
5evk,4.92
4wkn,9.72
6m8q,6.43
4p5z,7.41
2izl,6.0
1wur,6.66
5cks,5.51
3elc,2.69
4kfq,8.23
1zoh,7.0
1q65,5.46
6gw4,5.92
3lp7,5.44
1qkt,9.04
5uk8,6.4
2vt3,4.15
5ii2,4.89
3zv7,5.92
4gid,10.77
3f70,4.85
5ikb,8.72
4app,7.19
2qnn,7.15
1c5p,4.68
3tzm,7.77
1nm6,10.05
4bcm,6.91
4qlk,3.24
3t3c,10.23
2o8h,7.6
3bgs,9.42
4ipi,5.32
5o9q,5.21
3ljo,6.62
5vc4,7.36
2v59,7.74
6fv4,2.92
5c2h,11.09
3vd9,4.0
1lf2,7.52
3imc,2.96
3shc,5.72
6cpw,8.25
4h3g,8.22
4pzv,5.7
5dyo,10.21
5e7n,6.09
2f6t,4.62
4j21,7.41
4g8y,4.59
1ec9,3.1
3hv8,6.98
1qy1,6.52
6czf,5.8
4fys,4.82
6a87,3.15
2zc9,6.74
4k3n,7.96
3sr4,6.54
2fxs,6.06
6bs3,5.82
3myg,10.7
5n18,5.68
1cnx,7.37
1yq7,7.09
5vh0,4.52
4s1g,9.22
4lyw,6.63
4bao,8.37
3kmx,4.82
1olu,4.41
5dkn,3.69
5i9z,8.05
4des,5.85
4dy6,4.4
5i3y,9.4
5uc4,6.46
5nn6,5.52
1o30,6.77
1lhu,8.83
4up5,2.6
4duh,5.18
3c39,3.96
1ql7,5.0
3kgt,5.51
5fns,5.4
5ei3,4.25
5oqu,3.61
1nvq,8.25
1oz0,7.7
4ieh,7.85
5dit,6.15
1o35,5.0
3hku,8.3
2wlz,4.6
3ioc,3.68
3f5j,4.28
5l9l,7.1
3zt3,2.86
5oei,5.8
5k1f,4.79
1pot,5.49
6gnm,4.26
1aj7,3.87
5za8,6.29
4dcs,5.1
3gba,9.07
4yc0,4.13
4g0q,2.52
3n0n,7.3
3cyz,7.22
5jy3,7.92
2p4j,8.96
4mo8,8.0
1sdt,9.27
2jdu,6.72
2za5,8.43
4p3h,6.0
3lzs,10.96
3bu1,8.15
5d48,7.52
4u6z,5.41
5yl2,4.5
3fur,8.0
3dln,6.6
4lm3,2.92
4u0f,5.92
3gvb,2.59
3mf5,5.36
6hly,7.33
6j0g,5.64
3vtr,5.57
4kx8,7.13
5n17,5.32
3l4z,6.72
3fql,7.15
3po1,4.02
5dpx,4.46
6if0,6.51
4cwt,6.75
5ihh,6.41
2r59,8.19
3cm2,6.47
5ew0,6.59
6mlo,6.1
3i51,7.7
1jaq,4.48
1dzk,6.1
1elr,4.96
4mc2,8.19
1bv9,9.96
2vpn,6.72
5os8,3.98
1v2t,4.71
4pv5,6.54
3huc,5.99
4mme,6.5
2xj1,7.55
5cst,6.96
1atr,6.96
1t7j,8.7
5msb,7.46
4q81,3.02
2boj,5.77
3e12,5.99
3ljg,7.73
1mh5,9.21
4j3l,7.8
2pqz,5.67
3vhk,4.6
3nw3,6.49
4v24,8.37
1c5c,6.96
3bvb,5.49
4mhy,6.47
4f9y,6.74
2jew,6.69
5oku,6.26
5win,7.03
1yds,5.92
6phx,3.32
5e2o,8.7
3fjg,3.73
6h1u,5.32
1mmr,5.4
1w13,8.7
4kp8,5.48
5i7x,7.28
3mzc,6.65
5oot,7.55
2ovv,7.92
3t82,7.0
4cu7,7.59
1dl7,6.49
5ioz,4.96
2i4j,6.16
1ajn,2.63
5qtt,8.47
2p7z,6.58
5js3,6.73
6fgg,4.77
5kva,5.14
1iih,2.89
6exj,4.33
2o4j,10.1
1adl,5.36
4eo6,8.7
4zv1,5.24
4f09,6.7
6n3y,5.44
4xt2,7.15
6d16,5.08
1lrh,6.82
2a5c,4.62
2ra6,4.52
6hay,7.01
2vvc,8.52
5cu4,6.49
1fd0,8.4
4gj2,8.6
3hkq,5.34
1b1h,7.03
4gq4,7.66
4ew3,6.74
5ohy,5.17
1p19,4.11
4fai,6.99
3vh9,6.24
6jap,4.8
2x7u,5.27
5efh,6.1
6g34,8.24
3rf4,6.25
1rbp,6.72
4epy,3.47
1ogz,5.85
6r11,4.92
4m6u,2.74
3l59,3.7
4fnn,7.57
6d56,8.05
2rkg,8.09
4leq,6.54
1e66,9.89
4dbm,7.62
4o97,8.52
4h85,5.15
4cwq,7.06
2i4u,11.57
4yk0,3.74
6o5u,4.38
5l9g,7.7
4llj,3.42
5anv,9.3
2gss,4.94
1zdp,5.74
3uug,4.51
4bc5,4.6
6n9l,6.7
5kr2,8.48
5lz4,5.7
6d78,8.74
6nfy,7.8
4p6c,4.0
4llp,4.8
5wa9,6.76
5nlk,7.46
2y5f,8.7
6ndl,7.19
4ap7,7.96
5wgp,5.62
2e27,9.35
5oq8,5.85
1qaw,5.12
2qnq,6.11
3uod,7.31
3s75,6.82
5l4m,5.34
1yet,5.92
3mof,3.07
5uov,10.6
1nhz,6.08
1qb6,6.06
6f9v,6.76
1o3d,7.13
5hwv,5.07
4nku,4.67
1lgt,6.1
3cd7,7.84
3ip9,5.62
5l8c,7.0
1i9n,8.66
2d1o,7.7
5oha,4.89
1bq4,5.22
5d3t,4.92
5zag,6.97
4w52,3.76
3bra,2.7
5nw2,6.49
6elp,6.63
6cfc,3.68
3mna,7.39
1o5r,8.12
4o07,7.38
1ec0,8.49
2aoc,4.89
2aod,5.66
4owm,2.96
6qlr,4.82
5gs9,5.26
5l9i,7.0
1jmg,6.07
1g2l,7.24
4rd6,6.28
4g8v,5.8
4m8y,9.96
3dbu,8.06
4tjz,5.97
2zft,6.52
4mq6,6.47
1u71,7.48
1w3k,4.3
3g19,6.67
1g53,9.04
1eld,6.7
3djp,4.2
4ca6,6.74
6orr,9.3
3gk1,4.1
3hu3,6.89
4j93,4.7
2w08,3.42
5i3x,8.1
4ad6,4.78
2wgj,8.7
1pr5,3.92
2glp,5.01
3hll,8.24
2vw1,3.52
1d3d,9.09
3uu1,5.2
1od8,5.1
5d1r,4.84
4mmp,7.71
5cep,6.84
5i3a,5.05
4gfm,7.22
4n9a,4.19
3t5u,7.59
5btv,3.85
5mod,3.52
1njc,5.55
6o0m,9.34
2w8j,2.96
1a4w,5.92
1gvx,7.22
1y6r,10.11
5flq,2.97
3s9e,5.13
1j14,4.49
4jym,5.04
5l3a,4.89
4zb8,6.03
4czs,5.0
4q08,6.3
6h29,5.62
3q6z,3.72
1o38,6.82
6fmj,6.12
6qlu,4.64
1tom,8.3
4i72,9.05
2vzr,4.28
1eby,9.7
4kyh,5.92
2w66,4.05
1o2j,6.92
1sr7,10.1
4jzi,7.4
4q3t,6.48
4g90,4.51
1o2z,6.11
4acc,7.7
1v7a,8.01
1b6h,7.82
6jof,4.98
4wrb,6.19
1hii,7.28
3kr4,7.6
4ovg,3.69
3o7u,7.28
4io3,6.06
6faf,6.51
3t0d,2.37
3c84,7.85
6jdl,4.89
5mrb,6.33
5mwp,7.5
3b66,8.6
5owl,5.92
3bkl,6.17
3o56,9.1
3f3e,7.7
3f48,6.29
3dd0,9.0
3coz,5.57
1d4i,8.85
2doo,7.17
5vd3,5.55
1tq4,6.19
5ivc,5.92
3t64,6.7
2p2a,6.12
2cgf,6.41
5u11,5.35
5t19,4.49
4aci,2.22
1gj6,7.0
4xas,6.59
4oks,4.48
3si4,3.88
5hcy,8.92
1z95,7.12
4zei,5.88
5x74,8.64
3sww,8.4
2wly,6.6
6mlj,7.26
5ceq,7.38
3pe2,9.76
4q4p,6.39
2bpv,7.67
4m2v,7.44
5i3v,7.8
2h4g,6.52
1xka,6.88
2e2p,4.74
1y3x,5.14
4daf,7.12
2q8z,5.68
2qbr,6.33
5llc,9.52
5g4m,3.86
3r4n,6.89
3fas,6.77
5a5q,4.68
5wxh,6.15
4z0q,8.17
2uy3,3.22
3s0d,7.05
5vb7,6.72
3pcj,7.22
4bf1,8.62
4fz3,3.73
4qsu,2.0
3acw,4.76
3q7q,5.65
1qf0,7.38
4tu4,3.76
5fh8,6.77
456c,9.77
6d1i,4.09
3ibu,9.15
3f18,7.4
4b3c,2.68
2q88,5.8
5irr,5.27
6i11,4.53
6olx,5.38
4i54,6.96
5nxp,7.99
4ddk,2.29
3qgy,7.8
6gl9,6.87
5l2s,7.08
6r1b,5.44
1mrs,3.96
2f81,10.52
5v82,10.15
6ny0,5.4
4fcq,7.0
7upj,8.49
3su1,6.68
1b7h,8.02
1sld,6.57
3ggu,9.77
2ptz,7.82
5ie1,6.85
1hlk,5.0
1kv1,5.94
2i2c,4.7
2x7t,6.63
6e7j,9.48
4zzx,6.9
184l,4.72
1wdn,6.3
2qd6,8.68
1o2q,7.68
1lst,7.85
4kow,4.31
1ppc,6.16
6d1a,4.35
3ime,3.0
3n9s,5.26
2xxx,6.41
6st0,5.13
4pg9,7.8
3kgu,5.92
2xyt,6.29
6dpt,7.11
2h4k,5.49
4kif,4.84
3si3,4.16
4aq4,6.17
3rm9,4.77
3rz7,8.96
5kby,8.82
1owh,7.4
6eq3,6.15
1d4j,8.36
6jao,4.86
6qr4,6.23
4cjp,3.32
4i8w,10.9
4lrr,5.22
4zw5,4.43
4r59,7.96
1w9v,6.34
3n2p,7.82
1c5y,4.2
6eif,6.98
5e8f,8.64
3b7r,7.7
3uj9,4.63
5za7,5.87
5otz,5.19
6k3l,7.22
1mjj,8.74
6pga,4.54
4lps,5.74
2yme,7.66
2j79,5.96
2yfa,5.07
1wvj,6.73
4r4c,5.54
5jg1,8.72
1bxr,3.4
4poj,8.1
2v2c,3.41
4qev,7.66
3fzn,4.01
2on6,6.76
2f2h,5.7
4y3j,2.17
3veh,4.96
2e94,8.0
1r1j,8.64
3dcc,8.96
5fog,3.67
4ygf,7.68
1bnv,8.77
4w9o,7.77
5n1s,7.99
6g5u,6.4
4yxi,6.5
4cp5,3.34
1bjv,5.54
3n2u,7.84
1dgm,5.05
3ehy,5.85
5vb5,6.46
2vvu,8.1
5fox,3.17
4br3,5.72
3k00,5.77
3n8k,4.05
1afk,6.62
6qmj,7.36
3c2r,3.11
5njz,7.8
4ewn,6.7
1olx,4.33
4ai5,2.92
1om1,6.77
6pl1,7.65
4bt3,3.12
5obg,7.13
5d3c,10.4
4r5t,6.1
5lz7,6.28
5vja,6.59
6p87,4.6
1d7j,3.3
4keq,3.82
3fv1,9.3
3g0e,7.7
4b3d,2.68
1bdq,6.34
5n0e,8.44
2hah,8.0
1ua4,4.22
3v2p,6.36
2zwz,7.79
2o4z,6.25
1zge,7.3
6csq,6.39
2q38,5.23
4tln,3.72
2yb0,3.85
1kui,3.77
3aas,4.51
3r6u,4.52
1hp5,6.55
4ceb,2.97
5yqx,6.96
6ggb,5.39
1vyg,8.0
6nyv,6.51
6en5,7.94
4hdp,7.51
4q1x,11.15
1bn3,9.89
3kjd,8.54
1yej,7.46
2yfx,8.09
1o7o,4.49
2ypo,4.68
2qi5,10.85
5dwr,11.22
3ary,6.0
4cpz,7.68
1uz8,4.96
6cq1,3.66
2o4l,9.22
4rfc,8.24
5my8,7.14
2xd9,6.46
3ed0,6.35
5lz5,6.35
6qz5,6.08
4zba,5.51
5fol,3.67
5d6j,4.44
1qbn,5.85
6epy,6.46
4in9,4.97
3uxl,5.57
6pg6,3.7
3k4d,5.11
6ajv,5.04
4jh0,9.03
1o5a,6.42
3igp,7.02
5d3h,5.1
2xyf,8.44
4und,8.96
1g7g,6.6
3g0i,3.6
5m17,3.66
4ejl,5.14
1j37,8.96
3tkw,5.27
5etb,4.54
4z1e,8.24
5mmg,6.01
5kax,6.11
4ncn,5.67
6g39,8.34
6s4n,6.79
4ddh,3.3
6gnw,4.99
1izi,6.59
6h2t,4.82
2avs,7.57
6guh,7.59
2p16,10.1
5uez,6.01
3zsx,3.28
6g2c,4.66
6gvf,7.55
4cgi,3.12
3jvs,6.54
2oiq,5.0
1b3l,5.89
4q8x,3.57
1fv0,5.93
3u8n,10.17
1bzy,8.34
3b3x,3.6
1xhy,6.18
4dkr,6.52
1m2q,6.1
4xu1,9.49
5upf,8.6
4ivb,8.72
6jfk,4.84
4x3k,4.56
6p9e,7.17
4km0,6.04
5osl,3.43
5ivv,6.35
3zns,7.41
4avs,3.49
4bks,3.82
4kn1,6.84
4kz3,2.77
1utm,3.01
1ppm,5.8
5g1a,6.57
3iue,5.82
2yge,5.06
4u43,4.32
6gl8,8.61
2br1,5.14
6h5x,10.82
1c70,10.3
1f0t,6.0
3jrs,4.28
5u12,5.07
6gjj,3.7
5z99,6.88
4x5q,9.0
4bcp,6.25
3zxz,8.4
4rra,4.87
3arw,6.15
6ugn,6.12
1ypg,8.0
2jiw,4.59
6i65,6.41
1mes,7.7
2pqc,5.74
1qft,8.77
5sz2,8.7
4gzx,3.19
4q3u,6.44
5aol,2.32
4qf7,8.6
1a30,4.3
4zw8,5.96
1phw,3.3
2e91,6.59
1c5x,6.68
2zq0,6.82
1zsf,9.92
4x6o,8.72
4v01,8.11
5n3y,5.03
3v3q,6.6
2oxd,6.82
2weg,6.5
4e3g,4.97
3neo,5.92
2v2q,4.15
4xaq,7.14
5zym,5.77
4ksy,8.42
1ydk,5.89
3bxe,5.48
3fed,7.46
4ndu,2.74
2jjb,7.92
5txy,5.46
3juo,5.07
4mmm,3.82
6f9g,5.7
2q2a,7.41
6nsv,7.8
2mas,7.52
2pvl,7.62
5l4j,4.28
3nu5,8.35
3wjw,3.87
2jh0,8.7
3ng4,5.43
4x5y,8.03
3mhw,2.3
5mrp,5.52
5zae,6.81
3n7o,7.14
4aoi,8.4
3sut,7.85
2xj2,7.18
2v3d,3.94
1m0q,3.89
2uwo,8.7
6fuj,4.3
2pyn,7.57
4lxz,6.74
3ta1,3.25
4o9w,7.16
2pq9,8.11
5etj,10.18
2clk,3.79
4xtx,10.57
6oe1,8.51
3d51,4.15
6dh2,10.89
1b38,6.6
6arm,4.97
1q5k,7.42
6pid,4.54
3ru1,4.85
3ip5,6.22
1z4o,4.52
5m5d,3.95
3ehx,7.6
4kiu,3.85
4x5r,7.85
4j48,5.62
1ela,6.36
6o94,8.74
3bfu,6.27
4h3f,9.0
1f57,5.64
3ppm,9.54
1rmz,8.0
5vsj,4.02
2pym,6.82
1km3,4.91
5efj,6.46
4pft,8.64
4qxo,5.51
4mr6,6.6
3pce,2.0
3arq,6.4
1flr,10.0
5c3p,4.46
4zw6,5.72
5vp9,8.99
1f3e,6.7
2oxx,6.7
5xo7,6.36
4kwo,6.45
5ufp,7.37
4mn3,5.75
6udv,10.29
1cny,7.85
6eyt,5.72
1aaq,8.4
2vrj,6.3
4jwk,8.32
3gi6,11.22
2y7x,8.89
2idw,8.89
6fmc,5.88
6el5,6.88
4q7p,4.32
6mj7,2.82
2qbs,6.68
2ccb,7.45
3g30,2.51
5th4,2.85
4b9z,4.09
5u0y,6.08
3pb8,5.24
6md8,2.38
6of5,5.35
1hps,9.22
3lka,2.82
1z1h,8.4
3vw2,4.75
4ca7,7.36
6jbb,5.99
4e67,6.48
6c0s,7.05
5zg0,7.09
1tcx,6.95
5e13,4.24
1i7z,6.4
1hdq,5.82
2py4,6.7
4yb5,4.71
6ezq,4.66
5e1s,7.92
5i9y,8.55
5fls,3.04
6pvz,3.47
3dp4,7.37
5vr8,6.87
3n2v,7.51
6hm1,6.04
2zda,8.4
4nkt,5.97
2qg2,5.4
2vuk,3.9
3uex,6.92
1b5h,6.01
3f6g,4.72
2hnx,7.08
6eln,6.05
4m8x,10.2
4de3,5.52
3d4z,4.89
2p7g,6.53
3n7a,3.7
6t1o,5.59
3i6o,10.35
1nw4,9.07
4n5d,3.22
4xtv,9.27
1ghz,4.8
5g2g,6.05
4ykk,2.77
3p9m,5.0
5m04,6.34
3tt4,8.28
2wbg,4.45
3liw,7.6
3el9,8.4
6cbg,3.95
3wgg,4.4
1tkb,8.0
1lcp,6.64
1k1l,6.9
2w8w,2.12
4fk6,9.7
4ykj,4.43
4azg,7.1
4ha5,7.24
5nea,10.3
3vha,7.4
3nuj,9.39
3bft,6.49
5aqz,5.48
6h1d,5.6
2xab,9.27
6hr2,7.0
1if7,10.52
4zji,6.47
4l50,6.06
6g9x,3.92
5ta4,7.62
6guc,7.6
3aid,6.86
5efc,4.85
6cn5,7.7
1xbo,6.04
2uwd,8.35
2jg0,7.82
3bgb,6.05
4zw7,4.72
6csp,8.52
5tp0,5.44
1fzq,7.62
1epo,7.96
5drr,11.46
5edl,8.35
5cap,7.28
4b1j,7.3
2oxn,7.44
1nfy,8.89
2e9u,8.1
5xmx,7.24
3ocp,7.57
6r0v,4.96
1fh7,5.24
3g2z,2.36
1qxl,7.96
4agm,3.98
3rtf,7.35
5fou,3.95
3bl0,6.92
5l8y,6.4
4qij,5.54
5upe,8.05
5tuz,7.4
3gst,6.72
5n2z,5.31
2nmx,5.57
6b4d,6.11
3t08,3.04
5n6s,8.09
4nvp,7.57
4ty6,7.52
1xd0,7.12
1xq0,6.34
5k03,4.74
5yyf,6.48
2xb8,7.59
4bak,8.91
4heg,8.92
3own,7.47
3wha,9.32
3p8p,4.55
2gvj,9.52
6jb0,7.24
6hpw,6.09
2gh9,6.0
4y0a,2.31
1b57,8.0
5v7a,6.38
6udu,9.3
4ivc,10.0
2i6b,7.17
3n4b,7.02
2ewa,7.94
3hfb,7.52
4qfl,5.11
3el5,7.72
6hgs,3.77
3hvj,8.7
6i8m,7.8
4ea2,6.44
2xjg,7.82
4kxb,4.12
3i3b,2.23
4c1u,7.09
2uxz,8.48
5ldp,4.17
3l4w,6.0
5ny1,6.44
4u54,2.06
2haw,4.92
4qf8,7.51
5oh9,3.86
3rbu,9.43
5k0m,8.82
6ftf,8.1
1mq6,11.15
4ybk,7.82
1e3g,9.0
4pb2,4.8
3umq,4.62
4iic,4.85
3usx,5.02
6eog,5.8
4i8z,11.05
3b2q,4.55
1hpx,11.26
2fgu,9.18
3i4y,7.05
6dh8,9.84
1lan,7.22
1det,4.3
5sz1,8.92
2d0k,5.02
4u0w,3.0
3ebi,7.1
3lq2,5.22
3su3,9.13
4omc,10.78
6n7a,8.37
5mn1,2.48
2x4z,8.57
2f80,8.18
1ebw,9.05
4i8x,2.64
2qtn,3.42
2gv6,7.34
4lj8,5.82
3nu3,9.82
5e73,4.64
6rnt,2.37
3bgc,5.02
3bkk,6.08
1k6p,7.36
3b7i,5.82
1t4v,7.68
3drg,7.0
3c2o,3.35
6cdl,10.92
3utu,10.92
2qrl,4.0
4nwc,5.76
6i8t,5.75
3f5k,4.62
6c7w,5.47
5odx,6.71
3s71,8.64
3bpc,4.8
3r4p,7.96
5nki,7.72
5el9,7.64
2psu,7.62
1nq7,6.8
5a6x,6.69
4g4p,6.89
3gta,4.28
5fl5,8.19
4ks4,7.14
6cdj,11.7
4c1t,7.15
1elb,7.15
6i67,6.7
5tcj,7.38
2i80,5.4
5gof,4.05
4cr9,4.1
6rfn,6.7
4cga,6.4
6chp,10.12
4xty,9.21
1o2r,5.21
2e92,6.89
5j82,6.0
6r9u,2.12
6p89,5.01
6ebe,6.7
6d19,6.61
3w5n,3.87
3ejr,8.57
6gjr,3.74
1os5,6.85
1ajq,4.31
2r0h,3.51
1v0k,5.1
1zgi,5.34
5ipc,4.89
3tif,5.38
3tvc,7.74
1pxp,6.66
4q90,2.15
5cp5,5.91
5vcv,6.82
1sv3,4.35
2x95,4.95
2qzr,7.26
2cbu,5.68
1uml,7.52
3f7i,7.34
6hzy,3.92
3brn,8.7
6ayr,8.39
1szd,4.54
2brm,5.89
3da9,5.51
6r8w,5.92
3cl0,7.07
6i5g,4.89
3vjc,7.72
6fni,8.22
2euk,6.6
3oim,6.74
1oar,7.4
2qmg,9.15
1df8,9.7
2j78,6.42
4b6o,7.0
2qe4,7.96
3ery,5.66
3arp,7.15
4zyf,8.64
1d9i,9.11
2wyg,8.7
5e2p,8.8
5xsr,7.69
3upv,5.3
4ufl,2.64
3ffp,7.14
1v1m,3.94
6np5,4.57
3cf8,4.9
4xmb,7.36
3f7h,7.09
1g48,8.41
1bty,4.74
5wa5,6.72
4phu,7.92
5kz0,7.66
4qy3,6.82
4tim,2.16
3iph,7.6
4bup,4.95
5k0h,7.09
1kv5,4.22
1s5z,3.21
2gst,6.07
4uj1,6.52
6qmk,7.46
4o04,6.16
3rt8,6.35
6s56,5.1
2xog,3.43
4lhv,10.0
1w4p,4.74
5oxk,2.17
2yi7,8.32
4pp0,4.4
2fgv,6.12
3cda,7.58
4iue,6.55
4aq6,4.8
1igb,6.4
1ols,5.82
5lsg,5.4
5lvq,4.14
1y0l,9.0
6f20,4.31
4eoh,4.3
6ic2,6.04
3nim,4.75
1xt8,6.85
3r1v,6.92
3iog,5.52
4bqg,6.22
2xn3,5.92
1odi,4.21
4l6t,7.49
2h6b,5.39
3axz,3.43
6rfw,6.5
5ut6,4.24
1nc1,6.12
6g2l,7.17
5tkk,8.28
3dd8,7.85
3gi4,10.8
6f1n,6.26
3ljz,8.14
1j17,5.22
4ezz,5.19
4f9u,6.03
3gnw,9.1
2bza,2.8
2vo5,4.89
4tun,5.41
1pa9,4.6
5ogb,7.47
5lwm,8.87
4f3k,10.16
1elc,6.66
2gzl,4.82
3cd5,7.9
1ik4,7.41
2xeg,10.7
6mlp,3.7
5c8n,7.55
4b6r,5.85
1yc4,6.55
4csd,5.91
1d09,7.57
1jmf,5.77
4alx,7.28
6d17,4.82
2d3z,6.64
5exw,6.82
1ew8,2.26
2afx,5.15
5nwi,6.16
4yo8,10.52
1ql9,5.35
4cd5,6.71
1nki,6.7
6q54,6.49
3o5x,5.28
3f80,4.22
4m0z,5.19
5cqt,6.91
3ddf,4.66
3rdq,9.31
6udi,10.0
6g2o,6.77
4a4w,7.72
3ocz,7.46
2wor,3.9
3rwp,9.22
4ufm,3.72
5j0d,6.87
4gii,8.74
3d91,9.15
5o9r,5.39
4kxn,6.1
5evd,5.0
3dx3,6.52
4qfp,4.23
4y5d,5.92
4gqr,3.96
1ec1,8.92
5fyx,4.16
2h4n,8.7
1o2w,5.85
2r3t,5.85
3hky,7.1
2oax,8.65
6ma2,5.39
1nli,3.59
3rz1,8.74
3p7i,7.7
4rdn,5.92
1nwl,2.39
1izh,7.7
6qr3,6.44
3qfz,3.24
1drv,6.54
6ayt,8.85
6fuh,3.77
1m4h,9.52
6g2r,9.46
6g9u,6.43
3eeb,5.89
5kab,4.68
2rin,4.0
1a9m,6.92
1ork,8.81
6mnv,3.37
3s6t,7.35
6r4k,5.07
4afg,8.3
4ciw,4.82
3o9i,11.82
5j7w,4.89
3g31,2.89
4xar,6.97
1ax0,3.13
1zfq,7.52
4j7d,4.7
5g4n,4.0
4aqh,6.54
3syr,5.1
4iie,2.34
4ax9,9.57
4kcx,4.43
1lpk,7.55
1bv7,10.3
3hs4,8.0
3pd8,6.46
6fe1,8.48
4urz,2.52
4q6e,6.18
4ogj,6.79
4ge1,6.43
4ly9,8.15
4k7o,4.3
5dhu,6.3
4u69,4.26
5ad1,7.24
4ufi,6.2
3slz,6.99
5eyr,5.3
1mue,8.64
3ge7,8.7
3gm0,7.77
3iss,6.05
4q87,4.85
6h77,7.33
2uy0,6.92
1pvn,9.82
3pyy,6.86
5y13,5.94
5acy,8.19
6fs1,7.01
5dx4,6.86
3nx7,8.1
4xoe,5.0
1pph,5.92
2x97,5.66
3tcg,5.87
3k97,8.0
5x54,5.0
4ra1,5.94
4agp,4.69
1b51,7.37
6ayi,6.68
5ngz,2.89
3cke,6.1
3s76,5.05
3agl,7.8
5vij,7.61
4hf4,8.62
6e1z,3.82
3spf,3.86
3ifl,8.08
1y3p,4.82
4uj2,7.1
2qdt,5.19
5egm,8.62
4qp2,3.03
5ulp,4.61
2jfz,5.24
6ugz,7.72
1tx7,4.6
5fbi,2.8
4rrf,3.62
1kug,3.8
3ucj,6.0
1bgq,8.57
4pox,5.43
4u6c,5.0
5jxn,6.41
1rpj,6.48
4r74,8.1
4q1w,11.7
4io7,3.68
4m13,6.7
1pkx,6.92
5fnc,4.11
2amt,4.44
5j8u,6.47
4nja,6.22
1h4w,4.66
6o95,8.29
1g35,8.14
6cvf,6.35
1pxo,8.7
6pi6,5.66
3fh7,7.6
6qgg,6.3
1lpg,7.09
1alw,6.52
6jav,5.76
2f7o,7.44
4r76,7.85
5ork,3.63
4dst,2.96
4ury,2.22
3q6w,7.57
3mjl,2.44
5oaj,6.56
1xap,8.7
3muz,3.46
1ecv,4.85
3rlb,9.92
3ejp,8.55
4lar,4.68
4e4n,9.05
5sym,6.55
3c52,7.3
1b4h,5.46
6mll,3.62
4xit,7.27
6dh6,9.93
3lzu,10.06
3iw5,6.08
3nw9,9.0
3cfn,5.0
1owe,6.2
2ans,5.92
1e2l,4.29
3o9a,10.7
1f0s,7.74
4deu,5.64
1utj,3.84
4f3c,11.82
2oxy,6.52
3k37,8.92
4l51,3.0
1m83,3.4
6euw,7.77
5xva,7.29
6g5l,7.62
1pfu,2.72
6pge,3.62
5e89,7.85
5j8m,6.8
6dsp,6.09
5wuk,7.85
5llh,10.17
3ekv,9.41
1amw,4.54
5u0g,4.58
6bm5,5.84
2v88,4.09
3lpi,8.52
5yj8,3.98
1h5v,3.93
4yyt,6.38
2ha2,4.66
1v2w,4.01
5nk2,6.74
3bwj,6.5
3nu9,9.05
5ayt,6.77
5j7q,4.58
2r9x,4.85
1avn,3.9
6eq7,7.0
6r1d,5.4
6g2b,3.8
4lkk,5.92
3jzj,3.61
3t2q,3.66
4f6u,6.15
2wm0,4.52
1k1o,6.17
4q4s,6.95
5fhn,5.9
5fdi,7.73
5f60,7.37
2dri,6.89
2w26,9.4
5ld8,8.05
2r1y,4.51
3ivc,4.12
5i2f,6.49
6g29,4.33
3t60,6.7
1hi5,4.04
1rr6,10.25
4ef6,2.92
2p09,6.35
1m0b,8.82
3b7u,7.74
5eqp,5.4
4lxd,7.23
3vx3,7.82
6pg5,4.96
5ime,8.34
5tbm,7.31
3o4k,7.62
5wp5,5.34
3e6y,5.6
4umb,4.0
4b5d,7.89
4zzd,6.6
3uyr,6.9
3e5u,5.85
4lj5,6.29
4mss,6.4
5fto,8.21
2xbw,8.0
3ag9,8.05
3ppq,4.55
1hms,6.37
1ws4,3.0
5f63,7.92
1swr,6.92
4fl1,3.28
3exe,6.96
4n6z,7.8
4np3,3.3
1l8g,6.22
6s4t,7.95
5ny3,7.47
3m35,7.22
4fxq,5.77
6qlp,5.28
3u8j,8.51
4qew,7.07
1b5j,7.43
2vvv,8.22
3d78,7.64
4cwn,5.59
6hai,7.94
1qka,5.92
5lle,10.22
5dxt,9.7
3a9i,4.15
5voj,8.44
5j3l,4.8
1f8c,7.4
2jgs,6.62
3ebh,6.32
2p95,9.37
5upz,9.2
5evz,6.57
1u1b,7.8
4ibc,2.98
2q5k,11.3
6g3v,6.04
4cws,7.92
2qd8,9.07
1sdv,8.74
3mz6,7.2
4ufj,4.28
4pmm,7.57
5jgq,4.62
5n99,4.21
2al5,8.4
3ipq,7.57
3zdh,7.35
2r3w,6.89
2qi4,10.44
6o48,7.12
2f8g,8.7
4fl2,3.66
4ayu,4.73
1ogg,5.19
3ies,9.92
4rd0,6.62
5mpk,8.52
5ovx,4.5
6g7a,6.78
2vnp,9.92
5ehw,3.0
1z9g,5.64
2rkf,9.08
5cbm,7.77
4mnp,7.34
4b32,3.34
5caq,8.57
1bp0,5.4
4trc,4.52
5nw7,5.77
3qx9,4.05
5ave,5.44
1f4e,2.96
1o1s,7.31
3v2q,6.29
2qwc,3.55
2j7e,7.32
2qu6,8.52
3nee,5.34
5lwd,6.24
5zyl,7.06
5orj,4.77
3gc4,7.6
1e3v,4.34
3ebl,6.3
4o6w,8.52
6t1j,4.74
3mv0,3.85
6h37,8.59
4cwf,4.49
1m7i,5.4
3p3s,7.59
4c5d,5.4
1hpo,9.22
2yek,7.21
5aba,2.98
3ao5,2.23
4a6c,7.92
6qpl,7.04
1g7v,6.4
5m23,8.9
3l4v,6.72
4av5,7.21
3b65,9.27
4m2u,8.04
3lmk,5.94
6dh7,9.88
4qpl,7.41
6mu3,6.15
3nq3,3.78
5ey0,2.65
6msy,7.0
5mqe,5.4
4zb6,6.28
1b5i,7.05
5ef7,9.0
3iub,4.54
3eko,6.7
4ggz,10.18
5w44,6.44
5f1v,6.85
6idg,6.66
3v4t,4.11
1h23,8.35
6hd6,5.7
4b5w,3.33
5n34,4.63
1a4k,8.0
3c4h,5.7
3d1z,8.8
6ajz,4.34
4axd,4.43
4b73,7.21
2jkp,4.23
3gdt,7.19
2xbv,8.43
6kjd,5.05
6c85,3.9
4bqh,5.59
3qqa,5.82
5std,10.49
1d4l,8.77
6b5q,8.24
4poh,8.0
6nv7,7.92
5j1x,5.52
5sxm,8.54
6mxc,5.56
1pro,11.3
4dsy,4.43
2r43,6.0
2vh0,8.51
5fsc,2.36
4tqn,6.11
3uzj,5.55
5fng,2.96
3q71,5.22
4efs,8.6
3r4m,5.92
6mkw,4.77
5eq1,4.68
6rih,3.98
1zp8,8.77
3lgs,4.61
2cex,4.7
4qfo,4.27
3zsq,4.96
2yix,8.48
4mhz,6.87
4riv,7.0
3aho,7.05
3upk,4.3
3kmy,4.49
4bco,6.88
5i29,7.82
1fzj,8.1
1w5v,8.15
4kzu,6.5
5dgu,11.35
2ca8,4.66
4zbi,6.51
4efk,2.49
4muv,5.76
4aba,3.82
4q6d,7.36
2ylc,7.89
1rql,2.75
3uil,6.0
6ugp,6.16
4y3y,2.35
2wnc,6.32
5lny,7.38
6i62,6.8
3evd,6.91
2nsl,4.68
3lvw,2.67
1hih,8.05
1qbr,10.57
5u8c,7.53
3djk,10.59
1f8b,5.4
2wkz,8.77
3ug2,8.25
5bry,11.82
3th9,7.7
4rsk,4.32
3sha,5.59
1ajp,2.23
1qbu,10.24
2qbp,8.4
6n7d,9.52
4abb,4.51
1xh4,7.47
3n3g,7.24
1ebz,9.4
2p3i,3.48
6p3v,7.02
5nwe,4.88
3ckb,2.98
6o5t,6.5
1gi4,7.19
6d15,4.48
4q7v,3.59
2p4s,9.51
1g36,7.17
6eiq,6.42
3a6t,7.28
6gxg,5.24
3qxt,5.22
5zdb,5.75
6dar,6.66
4kao,6.11
4fev,5.42
5l8a,4.91
3ryz,8.62
2vo4,4.94
5tya,4.48
3kdb,9.85
6jan,5.79
4llx,2.89
1k1i,6.58
3n3j,8.48
4jyc,6.7
5er2,6.57
5azf,4.44
2gl0,4.82
3g2n,4.09
5hcv,8.7
1sdu,10.07
1zpa,8.4
3wz7,5.74
5hct,7.6
6ckr,7.3
4kz6,3.1
3nuo,9.8
3bxh,4.03
3ahn,7.05
3s45,8.49
4ufk,3.89
5dex,7.65
5ia0,6.73
4asd,9.28
1nw7,5.09
2pwd,4.4
3vw1,4.67
4o09,7.7
1oyq,6.96
1o0f,5.3
3fuc,9.72
5nbw,8.59
4hu1,7.54
2boh,8.52
5e3a,5.44
5ovr,4.57
2xnb,6.83
4n8q,3.42
1uw6,7.34
3dsz,7.77
4np9,5.03
2vmc,2.94
3mi3,5.45
3dk1,9.74
3iqu,4.77
6bs4,5.55
1s89,5.24
5hz9,7.03
1h46,3.57
1qji,4.85
2xm2,4.62
5fs5,6.69
5en3,6.21
4qfn,4.12
5os7,3.69
1p1q,4.89
2ygf,5.09
3tfp,6.47
3n86,5.64
3re4,7.4
6hzb,8.98
5mnn,3.84
2exm,4.11
3t1a,8.37
4cjq,3.59
4muf,6.34
4pum,6.73
1y1z,3.08
4ibj,4.33
2fzk,3.6
2qbq,7.44
3nht,7.01
6dak,5.14
4p5d,5.82
4luz,4.7
6n0k,5.07
3wzn,7.0
4xu3,9.5
2qd7,9.1
3gy3,5.63
4mjp,3.88
1gpn,6.48
2ihj,4.59
2j34,7.82
3cj5,6.34
1k22,8.4
5ot9,4.07
4r0a,4.26
3oaf,8.8
2a4m,4.52
3zso,5.12
1fiv,6.59
2jxr,7.05
2fle,7.85
5ovc,5.96
4o2c,8.0
5mro,5.7
4b8y,8.05
4iwz,7.29
3rlr,7.52
1dud,4.82
1lgw,4.0
2pk6,10.89
4wko,9.47
2nt7,6.52
1g45,8.64
2cf9,7.82
5fso,6.09
1g98,5.7
3tf6,6.4
6md0,5.9
2vnt,8.0
4bcs,6.99
4bj8,8.29
2gyi,7.0
3b4f,8.14
6b96,7.84
1ws1,9.55
1hk4,5.31
2bfr,5.25
1cgl,6.87
5nk3,7.42
4c1y,3.6
1m2x,4.15
5c1m,10.8
1pme,9.4
5vcw,5.96
4nnr,7.26
5c2o,4.55
4c9x,7.32
4u4s,2.92
4h3j,7.05
3ldq,5.36
5f8y,4.24
1y6q,11.7
6dil,8.12
6d5j,6.34
1sb1,6.89
2vyt,2.74
2zkj,5.48
1g54,8.82
6dpz,3.59
5tkj,8.15
1g3e,5.38
5jss,6.45
4fm7,7.24
4kwg,6.0
4q09,8.17
4rpo,7.64
5ko5,4.57
4e1k,6.3
2wvt,6.12
2vmf,5.85
3hub,8.09
5ect,5.28
4bam,8.94
4cjr,3.1
3iod,4.1
4zip,9.68
4kmz,8.57
4zeb,6.52
5dfp,7.66
6mku,7.15
1yqy,7.62
3p3t,7.24
6j3p,6.98
1e2k,4.94
3fat,7.64
2tpi,4.31
5edd,5.24
4eb8,9.82
2yxj,9.3
2xib,7.26
4wn5,7.41
3kdd,8.46
1nvs,7.82
2qi7,10.21
2pog,9.54
4whs,4.12
5khm,8.3
6j9y,5.07
4xya,5.86
4a6l,8.0
4zzy,5.6
5lud,3.61
3ccz,7.29
1xgi,4.85
3gs6,6.59
3cs7,10.68
5mby,3.51
4nl1,3.89
5a2i,5.06
4jkw,4.16
3p5l,7.39
1xow,9.28
1k1m,7.4
3t0x,8.0
2j75,6.65
2q7q,5.3
5sz7,9.7
2j2u,7.33
6fhq,2.47
2y82,8.4
2xmy,9.96
6hsh,7.55
6h2z,9.3
2h6t,7.22
1o2n,6.09
3arv,5.64
4psb,4.64
2byr,8.55
2ayr,9.29
5csp,4.24
4crl,9.71
4dld,5.82
6otg,7.5
5mge,4.06
4f2w,11.3
2i3h,7.4
2hkf,6.38
1mfi,5.59
1thz,5.15
2pvj,8.1
1dhi,7.26
4cu8,4.47
5u4d,6.33
4dju,5.44
6gji,3.87
5oh2,4.24
2jf4,8.15
1fpc,7.0
5xg5,3.48
6py0,6.41
3vf5,9.34
4xxh,5.0
1v2l,4.29
4del,7.68
5o2d,5.68
1nja,6.31
6gj8,5.87
4kzq,6.1
6n5x,4.6
3old,5.9
1pb8,5.15
4d4d,5.96
3uxd,4.41
2zfs,6.54
5ahw,5.17
6ios,4.1
6jam,5.23
1w0z,7.68
5sz4,9.7
2pv1,7.14
4qac,9.4
5nkh,7.59
6qgf,6.0
6mli,2.43
3pn1,6.96
2qi1,7.3
1b40,7.28
4yha,6.65
2uy4,4.68
4rvr,6.87
4cps,8.27
2pql,7.28
4dzy,5.62
1c5s,6.0
1xkk,8.52
6oqb,10.3
6g2m,7.82
2wyj,9.0
4eor,6.3
1v1j,4.82
6hlx,7.17
5u4b,5.74
6hgr,3.46
2sim,3.42
3hww,7.12
4jsz,2.3
5ov8,4.74
6o0p,9.96
5kbe,6.34
3nu4,8.82
5xpi,5.28
1qk4,4.21
3a1c,4.0
4a7i,8.7
3b7j,5.17
3hmp,5.49
3bzf,4.52
5nz4,6.28
4q19,8.05
4hw3,6.49
1m7y,10.96
5nka,5.46
2bet,2.77
1q54,5.85
1qyg,6.85
5aml,9.15
2yaz,5.14
5e2s,9.01
5izf,9.74
3ddg,6.0
4loy,8.09
4jfk,6.44
4g0z,2.21
1kel,7.28
5aoi,3.03
4dli,5.62
5nxi,6.66
1td7,4.37
5k1d,4.68
6gnp,4.55
1bnn,10.0
4q46,3.77
4m3p,5.4
3bug,3.18
3nsn,7.19
1q8t,4.76
4std,10.33
2rd6,8.3
4pnu,4.89
3f15,8.1
5gmh,6.31
4e0x,7.12
5hjq,4.72
5b2d,4.25
5dh5,9.64
4pow,6.3
4dq2,7.52
4n7m,5.47
5avf,5.49
4k4j,6.12
1d4y,11.1
2avo,8.85
6czb,4.33
2zcs,8.22
3p8n,9.28
3s54,9.64
6ftw,6.49
5zo8,8.2
5qqp,8.28
6g6t,7.7
1o5g,4.96
6ftz,3.0
6fba,4.7
3s77,7.21
6elo,6.29
6nmb,2.7
1m0o,2.31
1m7d,6.23
5dbm,6.46
5h8e,11.2
1dqn,8.0
4djo,11.52
6qln,4.66
4er2,9.3
6haz,7.0
1rnt,5.19
6dpx,5.89
1qin,8.0
5f1h,7.85
2ha6,4.32
3p8o,8.72
4a6s,5.2
3rf5,5.63
4agq,5.01
5byi,7.51
4arw,7.13
5wa8,6.23
3aru,3.22
1ctu,11.92
5ne5,7.41
4ly1,7.26
4uma,5.41
1j36,7.74
3f1a,7.21
1utl,2.47
3b25,6.07
2wzs,3.85
2v95,8.3
1w4o,5.22
4tmn,10.17
3b92,8.0
2yk1,8.13
3ekw,7.96
3g32,3.71
1uto,2.27
2ews,6.62
2q8h,3.0
1qf2,5.92
5d3p,5.13
6eeo,6.43
4o0a,6.72
1w5y,8.48
1kmy,5.1
3pgl,5.3
1bnt,9.8
5u13,5.41
2gv7,7.85
4k7n,3.48
1kzk,10.39
5xvg,8.05
4r4i,6.27
3mi2,7.77
1ndz,8.11
5nze,6.39
1tng,2.93
1ui0,7.06
4tpw,4.69
6evn,4.71
2r2m,7.33
2qbw,7.25
4cwp,6.77
2p15,10.3
5cs3,2.15
5e2l,4.03
4hym,8.22
4kax,4.77
6b97,6.63
5qal,3.46
5htl,6.3
6e1y,7.66
6dj2,8.12
6ekq,5.46
5igm,7.38
5d0r,6.37
5jox,4.46
4m0f,8.77
4ou3,4.41
2uxi,7.3
5hwu,5.27
4ngm,10.35
4ih6,4.74
2ogy,4.48
3dp9,9.68
3ivg,4.3
2ot1,4.0
2i4d,11.68
4ca5,9.39
4r4o,5.82
1p1o,5.76
5gja,5.55
6g14,5.49
4yml,8.35
2bvs,4.1
5bv3,7.17
1ta6,9.13
6g2f,5.17
3ozp,6.62
1e4h,8.41
4lvt,10.36
6t1l,4.77
4cpr,7.46
4x6p,8.3
5i9x,7.52
1hvk,10.96
3mdz,9.1
1msm,10.48
1bhf,4.38
5l4i,6.59
1qb1,6.77
3s5y,7.41
4cj4,3.36
6gue,8.4
4cpt,7.7
4lk7,5.04
5ant,6.36
1t7d,6.03
4avi,7.63
3f37,2.62
2aj8,6.2
2zfp,5.17
3n1c,5.22
3po6,7.06
4bi7,4.58
6d1h,3.72
5t8p,5.89
1p57,4.4
2x8z,7.96
4ynl,4.62
3ozr,5.15
5t9w,5.59
1gyx,2.48
1c5o,3.49
3pck,6.7
2xdx,6.46
3gbe,5.0
4io5,5.03
4o3f,5.56
4z07,7.99
5o58,6.72
5gsa,7.09
1bma,4.59
5jfp,9.32
5op5,6.67
3m96,7.22
5we9,7.22
1syi,5.44
6gwr,8.1
4cfl,5.88
5wij,6.31
4iif,5.18
4rhx,5.8
5var,4.09
4mre,2.19
1b0h,6.7
3tfn,6.57
1p1n,6.8
1usk,6.4
4ht0,8.0
2ceq,7.28
3d7z,7.92
1ydr,5.52
3g2y,2.0
2hs1,8.48
4h75,6.6
3s78,6.47
1qan,4.48
3hl5,4.47
1lpz,7.6
2zy1,7.4
4bkt,3.62
6hax,7.59
4er1,6.62
3wtl,7.04
4de5,3.15
2zx7,10.49
5kly,7.21
4kn0,7.4
3dx1,3.58
4wop,4.76
4iva,7.16
4n6g,5.47
4zx4,7.11
1njs,7.82
2vpe,4.94
4loi,6.77
3uxk,4.93
3t2w,7.46
4hws,9.1
4idn,5.24
3k02,5.0
6nzv,10.17
5d25,6.3
2j47,5.41
6c7x,7.19
5lvd,2.62
3cz1,7.26
3ai8,3.81
3sue,9.08
3s72,6.4
1bxo,10.0
4gr3,7.81
1hxb,9.92
3eqr,8.7
1jev,6.89
5ltn,5.27
5eis,5.74
3sfg,6.06
2g94,9.52
2hl4,7.64
4hfp,7.38
2xj7,6.66
4o2b,5.74
6ei5,7.42
3t85,7.95
3ap4,3.92
1o0n,4.09
2vl4,6.01
1c84,5.0
5ttw,5.96
4nh8,8.52
3hcm,3.3
2hhn,7.49
5dus,5.53
3b3s,2.55
3c79,7.2
3buf,3.1
6d1d,4.47
1vso,4.72
3dri,4.42
4knn,7.78
4rqv,5.05
5f2u,8.43
1ejn,5.62
2nmz,8.37
3nzk,9.27
4bi6,3.95
4x48,6.77
1w3j,6.32
2yhw,5.6
3zqe,4.23
4xoc,8.52
5ia1,6.28
3dyo,2.3
3p5o,7.26
5d3x,6.36
4b34,3.14
3sur,4.15
3f19,7.19
6pg3,3.32
5f62,8.17
2xm1,5.07
4qpd,7.82
6mle,9.0
6f28,5.67
3pcg,2.3
6t1m,5.21
4bqs,4.21
4z1k,8.33
5c2a,8.32
3zlr,9.26
5yfs,4.86
6b4n,10.55
6u8o,6.54
6t1i,5.26
6nfh,7.15
1px4,3.23
3mhl,7.25
5ia5,7.6
1w5x,8.4
1jak,5.57
1n51,4.85
1g74,6.52
1msn,9.09
3f3c,6.02
1ppi,5.01
4a6b,8.38
3d1x,8.66
6o5x,7.66
6pu3,5.23
3e5a,8.23
2hb3,11.35
1oxr,5.19
6e7r,6.83
4e5w,7.66
4rlu,4.82
3zyf,4.85
2v25,5.72
3d6q,3.76
6r18,4.92
2vh6,9.7
6jdi,5.11
6oe0,8.92
3mfv,2.52
4azi,7.45
4lkq,3.35
2yki,9.46
1nz7,7.12
5ia2,7.72
5wex,7.18
3zcl,8.0
4f6w,7.52
4gbd,11.32
4en4,5.52
6ex1,7.31
4w9k,6.54
6pgb,4.6
3ozt,4.13
1ony,6.77
1iy7,6.19
3t1m,3.04
5dqf,3.6
3ppp,5.22
2j7d,7.13
1o3l,6.54
1wuq,8.27
6d5h,6.92
4kz4,4.15
1fki,7.0
1drj,7.4
6aox,4.82
1e1x,5.89
4ibd,3.67
5nau,7.52
4lm1,3.23
5i7y,7.28
2cbv,5.48
2qwb,2.74
4p6x,7.04
4wiv,6.26
1b6l,8.3
6j9w,5.13
3k5x,6.41
1v0l,7.55
5n0d,8.48
1lyx,4.54
5g61,6.4
6o5g,5.7
2pbw,8.25
3ckz,8.72
4g95,7.61
4f9w,6.94
6dyu,10.26
5cs6,3.2
4dff,7.46
5nya,6.38
2zdl,6.4
3c89,6.07
4o05,7.43
1jn4,4.95
1jgl,8.7
6cjv,5.66
6ays,9.19
1gvw,6.96
1dar,4.96
5jfu,8.07
3s73,8.7
1jao,5.92
5ya5,6.72
5kcb,6.0
3n76,6.85
3ivx,5.74
1gjc,6.35
2bq7,7.05
6ppy,4.44
3h1x,5.89
3zbx,8.22
4gqp,9.6
4ts1,4.94
2x91,6.74
1ai7,4.09
6iiu,7.96
1v16,3.87
2y5h,5.79
2qi0,7.38
1v2k,6.19
3i25,8.51
5ja0,5.22
4de1,5.96
6r9x,2.96
2fw6,2.92
2v2h,3.77
3el4,7.17
4r75,7.24
5alb,10.71
5hu9,7.62
4lm4,3.04
4lzr,4.7
5wbo,4.21
3hkn,5.35
5er1,6.02
3ttp,9.12
1b3g,6.7
6hgf,5.02
4zl4,7.86
5dlx,5.7
5ota,5.74
4pvy,6.71
4d1j,6.31
3d9z,8.7
1t32,7.42
3pd9,6.22
4rux,7.92
3bva,6.52
4ymg,4.68
4aj4,3.89
3bbb,7.0
3kdc,9.28
4cp7,8.11
4oag,6.3
4nxu,5.54
5l9o,5.4
3rlq,7.4
6qe0,4.6
1c86,4.7
3qwc,4.26
5er4,2.76
6c9s,7.32
2v00,3.66
4m0r,5.21
2x09,3.76
1fzo,7.89
6e6m,5.75
5nvv,6.7
2fqt,6.14
6g25,3.52
4dv8,9.24
4abd,4.4
1k1n,6.82
4z83,7.4
5y94,6.79
5v0n,7.17
3gtc,2.35
5jt9,6.63
4p58,4.6
5dgw,11.05
1b52,7.12
3mmf,7.43
6r13,4.7
4jia,9.22
4g5f,3.05
6e4a,7.36
4y2q,2.92
2jh6,7.77
1kjr,6.06
3m3z,5.73
2ce9,6.03
4ibg,3.97
1uvt,7.64
5f74,5.12
3oku,6.36
2g5u,8.49
3jvr,5.72
1xug,7.05
2vba,4.6
4bt5,2.76
4q8y,2.64
3r5t,8.58
2wyf,4.43
5fl6,7.36
6mja,7.85
6gjn,6.22
1qbt,10.62
5eng,5.85
4dsu,2.82
3mhm,7.0
3sus,4.15
3jzh,3.4
2ewb,6.1
5egu,5.85
3ms9,5.22
5ouh,5.67
6i8y,6.74
1nh0,9.74
6jay,5.7
4ij1,5.4
4u6w,4.21
6mh1,5.92
3vfb,9.04
5btx,3.55
3ozj,5.11
4w9l,5.02
5znc,7.52
3zyu,7.0
1n4h,6.55
5g4o,4.43
2f94,6.71
6hh3,6.24
6fnr,5.59
2wtv,8.74
6hk4,8.55
2c3i,7.6
3t70,6.3
2zjw,7.7
3isj,3.68
6g35,7.76
3sk2,3.61
6fng,7.14
4ih7,5.24
4djp,10.55
6u6w,5.33
6g3q,7.24
5jsj,5.4
6fcj,7.15
6csr,6.84
1amk,4.3
4ayq,7.33
2c3l,5.07
5anu,9.4
1str,4.77
5os5,3.39
4bah,8.7
5wlo,10.82
5hrx,5.29
2bpy,7.4
5orv,2.89
5lvl,5.9
1ajv,7.72
6n3x,5.09
4gny,4.22
4unp,3.23
5i2e,6.64
6jaw,5.66
3l3l,7.48
2qwd,4.85
3hmo,7.52
2rke,4.08
6gzd,8.01
1h0a,5.44
5cqu,6.54
4y59,5.24
4kp5,6.08
3st5,11.3
3oe4,7.47
3zt2,2.84
3mhc,7.96
6dai,4.07
2xdl,3.1
4oc3,8.28
1b55,7.4
2vkm,8.74
1okl,6.03
6hrq,7.09
4cg8,6.96
6bhv,5.23
4myd,4.55
1q8w,5.24
1r0p,8.0
4jpx,5.15
6ql1,6.48
1pxn,7.15
4ffs,10.44
4gu9,4.37
4tkj,6.04
4j22,7.74
1bcd,8.7
2p53,7.46
4rfr,6.54
4hla,10.8
6eq8,8.0
1v2n,5.9
4i7l,3.99
6dyz,9.2
4tte,3.69
3kyq,4.22
3czv,7.8
6glb,6.89
6h33,9.22
3rr4,4.55
4mul,6.21
3kmc,6.4
6e22,8.89
6ma4,7.35
3pcn,3.66
2xxr,6.55
3u6h,9.0
6ced,5.82
2wzm,5.22
6np2,6.8
6eq2,5.89
6ayq,8.19
1lnm,8.7
5hi7,7.85
2xht,5.96
1sh9,6.03
1xjd,9.48
4ara,6.05
3i7e,10.85
5aan,4.15
5ufs,8.49
4yrd,4.57
1a1e,6.0
2fqw,6.68
5yjm,7.68
4db7,6.56
4nbn,4.36
4fm8,5.97
1e5j,4.0
1fhd,6.82
4kwf,4.82
3qbc,4.97
3l3n,8.18
2c92,5.68
5g2b,7.0
3pcf,6.05
4elh,8.09
5vb6,6.37
5oh4,4.55
5eh8,3.1
3hek,8.27
6eya,7.48
4azc,5.86
2r9w,5.1
5aoj,4.68
6eqp,5.96
3d8w,8.15
6ne5,10.52
6ce6,5.1
1mai,6.68
5z66,6.69
3p8z,6.09
4ymb,6.21
1qb9,7.44
1eb2,6.01
2oi0,7.55
2wjg,7.1
3q44,6.31
3ove,6.57
4zwz,8.7
5ct2,2.92
3qkd,8.38
4hzm,4.63
1k21,8.38
6d18,5.85
3fvl,6.07
5kad,4.43
1uwu,5.98
5fe6,2.16
3oyq,7.99
1c5n,4.7
2x2r,7.12
3fqe,8.3
3mxe,10.01
4ysl,5.8
6mnc,5.8
4oc1,6.6
4rj8,7.77
1uwf,6.82
4w9f,5.49
4x50,7.75
3w9r,6.18
2wr8,5.44
3tay,3.38
2i3i,7.3
5lif,5.87
3hig,7.89
3gy7,4.52
1fo0,5.59
5hbs,7.73
5otc,4.71
1t31,8.64
3gss,5.82
2v77,5.06
5ftg,6.15
3mam,4.12
4rlw,4.87
3c8a,6.18
1m48,5.09
4zow,4.12
1mrn,4.52
1bwb,8.42
2hxm,5.22
6f92,6.4
5j86,8.26
6i66,6.74
1hfs,8.7
1np0,3.57
4l9i,4.89
6b1k,6.67
5fpk,3.55
6k04,8.04
1ecq,3.0
4yho,10.74
3l4y,7.0
3gv9,2.12
3s8n,6.21
4tkb,5.59
4k0y,7.82
2w4x,4.85
4i8n,4.46
1nhu,5.66
4ytc,7.89
3b3w,4.19
4de2,4.12
6arn,5.19
2j7b,6.62
6eiz,6.22
5tb6,5.82
5g5v,6.7
4ufh,6.42
1dif,10.66
1f0u,7.16
3a1e,2.66
2i4z,5.7
2nn1,5.82
6ssy,3.19
2gj5,8.32
5vc3,7.11
3gjw,8.3
4wa9,8.42
6qqu,5.3
3iw6,5.48
1qbs,9.47
6ml9,5.3
3vhc,8.89
4ryd,11.26
3e3c,5.62
1xk5,6.0
6dif,10.72
4rn4,6.94
5dnu,4.11
1g46,8.8
3c8b,6.1
3lpk,9.1
1v11,3.98
1lbf,7.85
3hzm,5.52
3d7k,4.6
1azm,6.1
3zsy,3.23
5od1,5.96
4x6m,8.24
3prs,7.82
5lyr,7.89
6fo5,6.72
1l83,3.4
2p4y,9.0
3owj,6.07
3ml2,8.05
1r1h,8.92
6mj4,7.72
3zi0,7.4
3rdo,9.85
2vwm,7.03
1g32,6.11
6dgl,5.52
6j1l,6.42
2j7f,6.35
2nnd,6.06
3g3r,6.48
3cdb,7.02
1zs0,6.15
2oi2,6.3
5f1r,6.0
3k1j,6.4
1b6j,7.92
1mfd,5.31
4igt,7.89
3ipu,7.32
3pgu,6.7
6d1k,3.13
6qau,7.48
4jal,4.6
3f34,3.16
6fa4,7.29
2rcb,6.79
4qgi,3.9
6mh7,5.74
4kz7,2.49
3uri,9.0
2fzc,2.7
5lne,4.76
2csn,4.41
1hmr,6.55
1odj,4.1
2ydw,7.34
3hvi,8.3
2qwf,5.67
4wkb,11.57
1dmp,9.55
1hvi,10.92
1k4g,5.85
4djr,11.52
5ia4,7.28
4uyf,7.6
5f1x,6.11
2ces,7.25
1kdk,9.05
188l,3.33
5g46,2.6
3iob,3.42
4dkp,5.72
4jfs,5.27
1i5r,8.52
4ish,8.72
5am6,6.73
3gcs,7.25
5umx,5.96
6efj,3.32
5u0w,4.24
5os4,2.78
4k7i,2.82
1kzn,8.92
5bwc,7.21
5ko1,6.64
3pe1,9.65
3bqc,5.73
3fj7,3.71
2cgr,7.28
1syh,6.41
4nra,4.19
5i8g,7.52
5vgy,4.18
5oss,4.55
5mme,5.85
1stc,8.1
3acl,6.22
3x00,9.08
6mqc,8.28
3ryj,7.8
5bs4,11.0
1ndw,5.23
6p86,4.7
2pwc,6.57
4eu0,6.4
3bxg,4.96
4ht2,6.54
4xk9,9.07
3tmk,6.87
1wc1,4.0
6ecz,6.57
4oct,5.05
4b3b,3.6
4ymh,6.46
4ibk,4.3
5m7u,8.1
5jgi,4.3
5cas,8.85
1n4k,10.05
3w07,3.38
5fsy,5.89
1pzp,3.31
6i18,4.07
3lzz,3.84
1bnq,9.49
2afw,4.77
966c,7.64
1uz4,3.4
1fzk,8.4
2o4k,10.46
3nkk,4.7
1wm1,6.3
3zln,8.47
4ih3,4.82
6d1b,3.91
5evb,5.0
4ocq,4.61
2rkd,2.72
1txr,7.74
5u28,7.17
4io4,4.61
5meh,6.32
4gql,9.59
3f78,3.1
6qr1,5.07
1s19,9.51
3fvk,8.82
5fl4,7.0
5mrm,5.03
4zx3,7.19
2ojj,8.7
6qqv,4.92
1n1m,5.7
2bvd,6.0
1g30,6.85
2uwl,8.4
2isw,7.43
4de0,5.89
6nwk,7.7
5hrv,5.29
4b76,4.54
6hk3,7.5
4cg9,6.21
6ueg,4.71
6nco,4.52
6ey9,5.91
5cbs,5.41
4av4,7.03
4u70,5.02
3qaa,11.54
4e4l,8.77
1laf,7.85
2qbu,6.19
4qb3,5.47
6n7b,9.22
5o9p,5.09
3m6r,7.49
5oa6,5.51
6q60,5.71
5kr1,9.49
1o5e,5.74
6exs,3.44
4q9o,5.77
4x5p,8.21
5ost,4.56
2j7g,7.0
1k1j,7.55
4cwo,5.21
3zll,6.4
5w1e,5.24
6gxb,7.46
5cc2,4.1
3ttm,8.52
4da5,6.44
1xh9,7.77
4hpi,4.85
4n07,6.46
3zk6,6.34
3vhd,9.28
3l3m,8.22
4z93,7.35
4k55,5.51
6hgi,6.22
3ffg,9.08
5sz6,7.0
3kiv,4.7
5llo,9.4
4i7p,3.5
5km9,4.25
2i0a,11.4
3i9g,8.96
2bes,4.24
2vk2,6.89
6iou,3.73
6j7e,5.04
4r5b,6.73
5cj6,8.69
6css,7.6
1cbx,6.35
4kni,7.78
3lxk,9.8
5uoo,8.85
4u5o,2.42
1qhc,7.57
3su4,6.26
5nyh,7.73
3qlm,6.37
2za0,6.64
2weq,5.9
5ula,7.11
1hos,8.55
6jaq,3.95
1f5l,5.28
2ya6,5.7
6ggf,5.39
4dhl,4.48
4nxv,5.42
1fcz,9.22
1u0g,6.15
3ekp,8.89
3c2u,2.9
3gcu,6.78
4zme,4.3
5n25,7.78
6q4g,4.3
4w9c,4.65
4ehz,8.0
5yhe,6.69
5z7b,4.89
3bxf,5.54
6pvv,5.85
2pow,7.2
4z2b,7.76
1i1e,5.03
6dz3,8.89
4m2r,8.49
4r73,7.64
4mr3,5.94
1hpv,9.22
5n93,8.66
3e92,8.0
1nl9,5.96
6eq5,4.74
4gu6,7.36
5dey,8.43
4ibf,4.43
4or4,4.57
3iww,7.96
4zo5,9.82
1nf8,7.82
6d3q,8.47
1zoe,7.4
5f0f,6.0
2ojg,5.64
1q8u,5.96
4elg,8.16
2wec,3.96
3m8u,4.89
6cks,7.82
2zn7,7.89
3qxv,8.4
4o3c,2.59
2fvd,8.52
5nxo,8.31
5m28,4.32
4g0p,3.01
3s43,8.6
6eyb,5.37
4q9y,5.68
3pb9,6.58
2web,5.12
5e74,4.41
5d47,7.0
5hva,7.07
2zgx,6.74
6fe0,6.48
4dew,7.0
1fh8,6.89
3nyd,3.48
5chk,5.39
5cp9,3.51
5y8y,7.09
5om3,4.1
2vvn,7.3
1uv6,5.12
2bmk,5.62
1ec2,10.0
1dhj,6.55
2tmn,5.89
3aqt,6.72
4x5z,7.63
4css,8.46
3wtn,7.04
1ivp,7.52
5cxa,8.05
3dx4,7.12
6aqs,7.55
4hdb,8.05
4xmr,4.07
6mjf,5.16
6ghj,2.16
4q1y,10.35
3u5l,6.19
3o75,6.68
4cwr,8.3
3mfw,3.52
4h81,5.12
4io6,4.82
3ewj,6.84
1oau,7.7
1rtf,3.04
5ijr,3.2
3ewc,7.7
3m1k,5.39
3vdb,2.52
1qkb,7.35
4aji,3.55
2wc4,5.29
4clj,9.15
2pqb,7.2
3m5e,7.37
4pfu,6.17
4rpn,6.96
5zyg,5.21
4xiq,7.07
3eb1,4.79
6gdy,5.46
1b8y,7.85
2xde,5.47
2zxd,5.22
1f0r,7.66
5otr,4.92
1w7g,5.1
5e28,7.91
4umc,3.44
6e7t,6.89
6eux,5.92
5d21,8.38
1b46,5.28
1kav,5.82
4ago,4.81
6pg8,3.85
1h6h,5.3
5gmn,4.73
5lsh,3.39
4dkq,6.6
4e6q,8.36
2vw2,3.3
3daz,7.93
6pgc,5.35
3o9p,6.52
2e7f,6.1
5vd1,6.0
6p3t,7.32
5k8s,8.22
2yel,7.28
2p3c,7.62
4cig,3.67
3lxe,6.6
4w9i,5.96
4qjw,7.8
2j7h,7.19
5ji8,4.63
5exn,7.64
1jeu,6.82
6rot,6.32
1fkf,9.4
4qem,7.8
4az6,9.1
4loo,8.15
4nj9,6.97
6dz0,9.03
6qi7,6.46
5ewa,4.82
5umy,6.97
6mlg,5.05
6cvv,4.12
2fdp,7.59
3zj6,6.66
3rux,9.28
5fho,6.67
2f7i,7.1
1swg,7.36
6i12,5.57
3ozs,5.33
4e7r,7.7
5jhb,6.06
3t01,4.48
4abg,3.57
3tu7,8.09
5u0e,5.11
1w4q,5.26
4uc5,5.48
4baq,9.01
6fs0,9.77
3b1m,8.48
1gyy,3.64
5n9r,5.59
1o33,5.74
2fqo,6.43
6e9a,11.92
1rpf,3.99
1lkk,6.85
1k4h,5.11
4dmw,4.94
4x24,9.78
6ma3,8.3
4f1l,5.12
5ia3,7.34
2vk6,5.3
4hwp,7.76
1oif,7.72
2hoc,9.52
3pww,7.32
1c83,4.85
1jet,7.25
1ypj,7.02
4qsv,2.0
2cbj,8.27
2rfh,6.82
5ka1,4.48
5ekm,6.32
5dh4,7.24
1rd4,7.74
1jcx,5.15
1w9u,6.09
2avq,4.39
1hsh,9.42
5f25,5.04
1cet,2.89
6evr,8.06
2j95,8.4
5w2s,7.33
5exl,8.43
4z0k,6.34
4zvi,6.33
5jsg,4.85
4oak,4.22
1nny,7.66
4att,6.98
4jyb,6.96
1ttm,7.35
6ghh,6.71
3le9,8.22
5j20,9.14
5a7b,3.57
1lah,7.52
3m37,9.04
5afv,5.59
5h5f,4.43
2zym,6.14
2x6x,3.68
6ift,4.68
3qfy,6.12
4riu,7.3
1x38,8.77
1vfn,5.6
5mpz,4.07
3l4u,7.52
1g2k,7.96
6q3q,4.45
5ha1,7.19
3suf,7.56
5d45,6.92
3a1d,4.12
3g35,4.68
6qas,7.74
3be9,7.62
3nu6,9.3
5mgk,4.0
3cd0,7.57
2zz2,4.54
2h15,5.67
3s0b,6.49
6prf,8.6
3jrx,9.0
1yc1,6.17
5zvw,8.62
3p2e,6.22
6d9s,5.96
3gcp,7.82
4jn2,11.68
2b1i,6.82
5mgf,4.27
4fht,6.17
4mpn,6.62
1ex8,6.33
1tnh,3.37
6sge,7.51
1o0m,5.15
3kwa,4.08
1gwv,2.57
5nkb,9.12
2a5s,6.7
2c97,6.14
1fq5,8.4
1o3f,7.96
4egk,7.72
3ppr,2.82
1v2s,4.17
4i71,7.74
6o9c,7.55
3ekx,9.41
1xr9,7.15
5j27,6.74
1duv,11.8
3mhi,6.7
5itp,5.0
4w97,7.1
5f08,5.52
3ui7,9.0
5aut,5.17
1dy4,4.36
3kgp,2.57
4uye,8.02
4l2l,5.7
4tt2,4.66
1q84,11.05
2cc7,8.01
1b3h,6.21
3e93,8.85
6i13,5.12
4gih,8.32
6faa,6.75
2b4l,4.77
5qay,3.23
5d26,6.09
4sga,7.3
5ivy,6.44
6cpa,11.52
2j4g,6.6
4zt8,4.39
2ya7,3.14
4y8x,8.43
4i9h,7.17
1ec3,9.04
4tmk,7.7
6fsy,6.61
6ouv,5.55
6ibk,3.29
1j4r,7.72
6pi5,6.96
6cdp,8.79
1f8d,3.4
4abf,4.62
2cht,5.52
4isu,3.68
2pu2,4.43
3d83,8.36
1bcu,3.28
3wvm,5.71
5izj,11.52
4qdk,5.85
5cau,8.8
3qgw,5.89
4zx1,6.14
5ufr,8.7
5n1r,7.95
6as8,7.05
3uev,5.89
2wb5,9.13
4k3h,6.85
4zcs,4.33
5om2,4.06
4m0e,6.22
6b7a,4.49
2bqv,8.05
5fe7,3.31
2hnc,7.22
1usi,6.74
4ql1,7.03
2w47,4.98
4det,5.68
3tsk,7.17
4crf,9.3
1lkl,5.81
4z84,5.82
4b2l,3.24
4lhm,3.39
2ha3,3.03
3ekt,10.59
5mnr,5.46
5d3n,5.04
1d4h,10.0
2xbx,7.82
4btk,6.62
4ahs,2.19
5oht,6.02
2fzg,3.38
4rwj,8.7
1d4p,6.3
4o0b,8.3
1nt1,8.89
4jss,3.3
4c52,5.68
5nkc,7.72
4gzt,7.77
1jzs,6.6
3ohi,4.85
4jx9,8.62
2reg,5.64
4kb9,11.0
6ftp,5.82
4bps,2.99
6qr0,6.92
4ck3,3.57
5n2t,5.08
3dne,5.22
1yqj,8.14
3ao2,3.77
5fut,6.45
5a6k,5.95
6qge,5.68
4m14,6.7
3r17,6.41
3fv3,9.52
4iuo,3.64
1jyq,8.7
4cs9,2.1
3ao4,2.07
5iyy,4.77
3fzy,6.74
1yfz,4.35
3su5,5.58
3npc,8.34
3ebo,4.72
6odz,9.15
5ult,10.85
2w67,4.96
2aog,6.28
1bn4,9.31
2w8y,9.09
4x8u,2.46
5zw6,8.0
6ey8,5.81
5zkc,8.19
1y3v,5.64
6epz,7.14
6dzx,5.46
4jfm,5.48
2pvu,6.31
6plf,6.67
4nue,6.82
2vmd,3.02
6d5g,6.6
6np3,6.47
6f3b,6.56
2v3u,3.0
1z6s,4.34
3w37,5.18
6j72,6.13
3fee,6.64
6cjs,9.7
1q1g,8.57
5neb,7.77
3nq9,4.03
5wl0,9.17
4zx0,8.0
1v48,7.8
5yhg,6.02
3kek,8.36
2arm,7.68
3cj4,6.51
2wuf,4.29
5nk8,6.64
5fhm,5.09
5j64,6.85
3dxg,2.4
4rqk,5.82
4qnb,6.59
6r1a,4.35
1f74,3.05
1yda,6.55
4xy8,6.4
2cet,8.02
6gxq,7.1
5u0d,4.54
4j45,5.77
2usn,6.51
3uuo,7.96
3suu,8.52
3i60,8.7
4hge,7.92
5mwh,5.74
4ua8,6.26
3gy2,5.74
1nc3,5.0
6sbt,6.78
6ayo,8.29
6got,9.4
4u5n,2.48
5fdc,7.46
4a4q,9.4
4xtz,9.82
6qlq,4.51
3l7b,2.4
3hb4,9.05
4gue,5.24
3jyr,5.54
3r16,7.3
5l7e,6.6
1ype,8.1
2clh,4.06
5fck,8.22
2fmb,8.7
2x00,11.33
3qw5,6.45
4k0o,3.0
6hke,7.68
4flp,6.72
1upf,4.6
2gvv,3.9
2evl,6.7
5wmg,8.21
6t1n,5.46
2cf8,8.1
4cst,8.89
1if8,9.64
2hzy,7.39
6r1w,5.3
4r3w,3.0
5nzn,3.66
4ks1,8.82
4uoh,4.77
3ccw,7.87
1k1y,3.22
3iof,5.22
1a9q,6.17
3gt9,3.96
1tni,4.0
4u5s,2.41
2cer,9.22
3d6p,3.75
4omj,5.26
2fxv,5.35
5nk9,6.14
4ipj,4.87
2hb1,3.8
5b5g,5.25
5h9r,6.08
1lvu,5.32
4lch,10.62
6hhr,7.01
3udh,2.85
4gqq,2.89
2gkl,5.35
6d1j,4.25
3p17,4.48
1r5y,6.46
2dw7,4.7
5h85,4.7
1qbv,5.39
4w9d,4.99
3m40,6.77
6g9i,3.93
4ynb,10.37
1f4x,5.59
2pov,7.12
2vfk,3.71
3ujd,4.69
3std,11.11
1cnw,7.72
4lov,7.77
5vo1,8.15
3b5r,8.77
1b8o,10.64
2o4r,9.4
4gah,6.1
2y7z,8.7
2d1n,8.15
1hvr,9.51
3nb5,7.74
6s57,5.1
6mdu,4.25
6mm2,5.41
3ovn,2.55
3cyw,7.77
3nyx,7.49
1qk3,5.15
5ev8,5.22
4us3,5.32
5nzf,4.03
3o8p,6.46
5oa2,5.01
4bck,8.4
2ole,7.25
1tjp,4.42
6gjl,3.86
6nw3,7.66
3miy,7.68
3ga5,5.49
4mrz,3.52
1met,9.4
2v58,9.09
1zhy,6.52
1w5w,8.8
2wzf,7.0
1c1u,8.25
6g38,6.62
4wkp,9.55
5ehr,7.14
1gnm,6.25
1z6e,9.72
4gr0,9.55
1x8j,6.96
4nh7,8.4
1g1d,9.44
1mtr,8.4
3d0b,6.54
1gai,8.0
3wz6,5.96
5qa8,3.77
1fkg,8.0
3bgq,7.96
2q64,8.52
1f73,2.39
3nes,5.62
5fsn,5.77
4ad3,4.62
1v2r,3.55
1bzj,4.66
6g27,3.14
4bf6,8.35
5j1r,4.66
3kku,5.7
1bhx,6.84
2vwc,6.62
5om7,5.74
4avh,7.23
2bt9,6.19
6gga,4.85
2xii,7.2
4crc,8.72
4xip,6.63
2f7p,6.6
3o84,7.24
2hzl,6.57
1a28,8.29
1c5q,6.36
6jbe,4.7
1sgu,5.37
3f7g,7.37
6dd0,5.48
4re4,6.87
4qd6,8.64
1li3,4.25
1m2r,6.46
4kyk,4.74
2hmv,7.7
2gz2,5.22
4ase,11.0
4ej8,5.39
3b68,8.4
3u8l,8.05
4zzz,7.06
3c56,7.89
6ooy,4.66
6h34,9.3
7std,10.72
4fxp,4.09
2iko,5.45
1ele,6.85
3aau,5.05
6i61,6.24
5llp,9.24
3hl8,4.49
3jdw,3.6
4n7u,6.29
4jsa,4.96
4e6d,8.92
3ryx,8.14
4avj,7.44
3r88,4.82
4lm2,3.03
3ibi,8.59
2aoe,7.62
2vjx,4.96
5edc,7.66
5cbr,5.74
3bex,5.57
3u93,6.31
6o5a,6.29
5fcz,4.2
6p84,4.81
2qhz,7.28
5g57,8.4
2ihq,8.49
4j47,4.92
4ipn,3.39
5jop,9.41
2vsl,8.4
5jsq,4.67
4djw,6.28
6uh0,6.07
3b50,7.55
1n0s,7.45
3vje,8.01
6quv,3.0
3oy0,8.0
1pzi,4.22
1f5k,3.74
6gjw,4.96
3ni5,7.55
5tbe,8.97
5flo,3.15
4erf,9.4
3str,8.4
6h38,8.11
3zc5,7.13
1ajx,7.91
3q2j,4.18
6qls,5.35
2zx6,10.6
3wtj,6.53
6qr2,5.49
1mmq,7.52
6fnj,6.85
1e1v,4.92
4o0y,7.22
1sln,6.64
3oy8,3.66
4etz,6.3
6dy7,4.18
3f6e,2.38
1oe8,5.52
4l19,6.1
3pwk,3.35
6d55,7.36
3ebp,5.91
6eqw,10.65
2ydt,5.52
4pp5,7.74
2oc2,8.52
1o5c,5.22
6mji,7.29
6i17,6.6
4ovf,4.13
4xu2,9.23
4m0y,6.46
3t3u,8.6
5am7,7.19
3gy4,5.1
5efa,4.83
2cej,8.62
4lzs,4.8
3dgo,6.74
1a69,5.3
4mgd,4.69
5n1z,8.19
4og4,6.02
1pyn,5.49
4o0x,7.17
2nn7,6.52
5ta2,7.96
2cn0,7.66
5nih,6.87
4mdn,6.22
3c88,6.8
5vi6,8.52
4v27,6.66
5czm,8.32
3jy0,8.3
1fkn,8.8
1g52,9.54
4pop,8.13
3ibl,7.84
1uz1,6.89
4p6w,9.15
3sw8,4.5
5uxf,7.06
1v2u,3.37
4lko,8.22
1xh5,5.47
3u10,5.44
6o0o,7.44
3sjf,7.64
2pyy,4.6
2pwr,6.59
3u92,7.48
3g0w,9.52
2xjx,9.15
6equ,6.38
3uw4,7.77
4non,5.24
2uwp,6.81
4cl6,5.39
4ibi,4.14
4bny,7.1
4nbl,6.33
3g1d,3.48
2we3,4.43
2xc0,6.72
5boj,7.0
4fzj,3.15
1uou,7.7
4k77,6.63
3myq,7.52
3fv2,8.11
1o3i,7.3
1kuk,3.91
3f3d,7.16
1atl,6.28
1ppk,7.66
5fe9,4.68
6b4l,6.47
1ghy,8.1
3pb7,5.74
4djq,10.32
1ydt,7.32
6dyy,10.55
4ll3,11.57
6ajy,5.28
6bdy,5.69
3d2e,6.42
3tb6,5.08
2v54,4.6
4oc0,6.5
6dj7,8.72
5ka9,4.41
6gla,7.57
1lag,6.3
6dj1,10.51
4uac,6.54
2ccc,7.76
1my4,6.98
5e2r,7.06
1siv,8.08
3mxd,8.83
1c1v,7.64
5zhl,6.72
2qnp,6.41
2vw5,8.52
2q54,9.01
4zwx,8.7
2e1w,7.96
1u1w,5.85
5wyz,7.68
4r5a,8.7
1i37,9.57
4gr8,7.83
3tza,5.5
5org,8.4
2b9a,8.05
5cso,6.03
3ujc,4.59
6qlo,5.06
1hmt,5.79
4aje,3.68
4gg7,8.2
3mss,4.66
2wl0,7.8
2vc9,8.44
3bl1,5.6
1bn1,9.34
3f5l,3.72
2xxt,8.05
4ahu,2.27
1d7i,3.6
4i9u,3.86
6dj5,8.14
5k9w,4.59
5uf0,3.8
1aid,4.82
1utn,3.49
6ej2,7.8
4lm0,3.25
2xdk,3.6
6i64,7.31
4do4,7.29
6f1j,4.62
5tef,5.4
1ps3,2.28
2qtt,4.32
3a2o,9.08
5za9,6.74
1mrx,7.26
1ksn,9.4
1nfw,8.96
4f7v,5.38
5ey4,3.12
5zg3,7.21
4q7s,4.42
1tsy,4.96
3d50,4.77
4q4q,5.79
4aia,3.66
1hee,5.34
3iae,3.89
1bai,7.7
3djv,4.55
6ud2,10.21
1ndv,5.92
3acx,5.7
2q63,7.18
6hmg,4.94
1h1s,8.22
5eei,9.22
3o99,10.82
5o1h,4.85
1jvu,5.15
2oym,5.0
4x8v,6.89
1add,6.74
4ozj,5.4
2v2v,4.07
6p5o,4.54
3pwm,9.1
1k9s,6.52
6gxe,8.05
2c94,6.82
4o9v,8.0
6n78,9.68
5hvs,7.15
5ndf,5.85
6poi,3.49
1nfu,7.74
4ibb,3.57
2z4o,9.57
3fvh,6.35
2wf5,6.0
6jb4,5.98
2vj8,8.7
6d1g,4.47
5o9y,5.34
2jds,8.2
6cjr,9.52
2y81,8.7
2wky,8.59
1no6,4.41
1b58,6.59
4eky,3.52
3suv,4.55
5j9x,7.77
1q91,4.15
2bfq,6.89
1bwa,8.6
5f5z,7.07
